product,category,price
Роза красная 60 см,Срезанные цветы,180
Тюльпан микс,Срезанные цветы,90
Хризантема кустовая белая,Срезанные цветы,220
Гербера красная,Срезанные цветы,150
Эустома розовая,Срезанные цветы,250
Спатифиллум 12 см,Комнатные растения,650
Фикус Бенджамина 15 см,Комнатные растения,890
Сансевиерия 12 см,Комнатные растения,550
Замиокулькас 14 см,Комнатные растения,1200
Орхидея Фаленопсис 1 стебель,Комнатные растения,1500
Упаковочная бумага крафт рулон,Сопутствующие товары,350
Лента атласная 2 см × 20 м,Сопутствующие товары,180
Открытка поздравительная с конвертом,Сопутствующие товары,120
Кашпо керамическое 12 см,Сопутствующие товары,550
Удобрение для комнатных растений 1 л,Сопутствующие товары,320