order_id,date,product,category,price,qty,discount
0,10.09.2026 20:31:00,,,,,
1,10.09.2026 20:31:00,,,,,
2,10.09.2026 20:31:00,,,,,
3,10.09.2026 20:31:00,,,,,
4,10.09.2026 20:31:00,,,,,
5,10.09.2026 20:31:00,,,,,
6,10.09.2026 20:31:00,,,,,
7,10.09.2026 20:31:00,,,,,
8,10.09.2026 20:31:00,,,,,
9,10.09.2026 20:31:00,,,,,
10,10.09.2026 20:31:00,,,,,
11,10.09.2026 20:31:00,,,,,
12,10.09.2026 20:31:00,,,,,
13,10.09.2026 20:31:00,,,,,
14,10.09.2026 20:31:00,,,,,
15,10.09.2026 20:31:00,,,,,
16,10.09.2026 20:31:00,,,,,
17,10.09.2026 20:31:00,,,,,
18,10.09.2026 20:31:00,,,,,
19,10.09.2026 20:31:00,,,,,
20,10.09.2026 20:31:00,,,,,
21,10.09.2026 20:31:00,,,,,
22,10.09.2026 20:31:00,,,,,
23,10.09.2026 20:31:00,,,,,
24,10.09.2026 20:31:00,,,,,
25,10.09.2026 20:31:00,,,,,
26,10.09.2026 20:31:00,,,,,
27,10.09.2026 20:31:00,,,,,
28,10.09.2026 20:31:00,,,,,
29,10.09.2026 20:31:00,,,,,
30,10.09.2026 20:31:00,,,,,
31,10.09.2026 20:31:00,,,,,
32,10.09.2026 20:31:00,,,,,
33,10.09.2026 20:31:00,,,,,
34,10.09.2026 20:31:00,,,,,
35,10.09.2026 20:31:00,,,,,
36,10.09.2026 20:31:00,,,,,
37,10.09.2026 20:31:00,,,,,
38,10.09.2026 20:31:00,,,,,
39,10.09.2026 20:31:00,,,,,
40,10.09.2026 20:31:00,,,,,
41,10.09.2026 20:31:00,,,,,
42,10.09.2026 20:31:00,,,,,
43,10.09.2026 20:31:00,,,,,
44,10.09.2026 20:31:00,,,,,
45,10.09.2026 20:31:00,,,,,
46,10.09.2026 20:31:00,,,,,
47,10.09.2026 20:31:00,,,,,
48,10.09.2026 20:31:00,,,,,
49,10.09.2026 20:31:00,,,,,
50,10.09.2026 20:31:00,,,,,
51,10.09.2026 20:31:00,,,,,
52,10.09.2026 20:31:00,,,,,
53,10.09.2026 20:31:00,,,,,
54,10.09.2026 20:31:00,,,,,
55,10.09.2026 20:31:00,,,,,
56,10.09.2026 20:31:00,,,,,
57,10.09.2026 20:31:00,,,,,
58,10.09.2026 20:31:00,,,,,
59,10.09.2026 20:31:00,,,,,
60,10.09.2026 20:31:00,,,,,
61,10.09.2026 20:31:00,,,,,
62,10.09.2026 20:31:00,,,,,
63,10.09.2026 20:31:00,,,,,
64,10.09.2026 20:31:00,,,,,
65,10.09.2026 20:31:00,,,,,
66,10.09.2026 20:31:00,,,,,
67,10.09.2026 20:31:00,,,,,
68,10.09.2026 20:31:00,,,,,
69,10.09.2026 20:31:00,,,,,
70,10.09.2026 20:31:00,,,,,
71,10.09.2026 20:31:00,,,,,
72,10.09.2026 20:31:00,,,,,
73,10.09.2026 20:31:00,,,,,
74,10.09.2026 20:31:00,,,,,
75,10.09.2026 20:31:00,,,,,
76,10.09.2026 20:31:00,,,,,
77,10.09.2026 20:31:00,,,,,
78,10.09.2026 20:31:00,,,,,
79,10.09.2026 20:31:00,,,,,
80,10.09.2026 20:31:00,,,,,
81,10.09.2026 20:31:00,,,,,
82,10.09.2026 20:31:00,,,,,
83,10.09.2026 20:31:00,,,,,
84,10.09.2026 20:31:00,,,,,
85,10.09.2026 20:31:00,,,,,
86,10.09.2026 20:31:00,,,,,
87,10.09.2026 20:31:00,,,,,
88,10.09.2026 20:31:00,,,,,
89,10.09.2026 20:31:00,,,,,
90,10.09.2026 20:31:00,,,,,
91,10.09.2026 20:31:00,,,,,
92,10.09.2026 20:31:00,,,,,
93,10.09.2026 20:31:00,,,,,
94,10.09.2026 20:31:00,,,,,
95,10.09.2026 20:31:00,,,,,
96,10.09.2026 20:31:00,,,,,
97,10.09.2026 20:31:00,,,,,
98,10.09.2026 20:31:00,,,,,
99,10.09.2026 20:31:00,,,,,
100,10.09.2026 20:31:00,,,,,
101,10.09.2026 20:31:00,,,,,
102,10.09.2026 20:31:00,,,,,
103,10.09.2026 20:31:00,,,,,
104,10.09.2026 20:31:00,,,,,
105,10.09.2026 20:31:00,,,,,
106,10.09.2026 20:31:00,,,,,
107,10.09.2026 20:31:00,,,,,
108,10.09.2026 20:31:00,,,,,
109,10.09.2026 20:31:00,,,,,
110,10.09.2026 20:31:00,,,,,
111,10.09.2026 20:31:00,,,,,
112,10.09.2026 20:31:00,,,,,
113,10.09.2026 20:31:00,,,,,
114,10.09.2026 20:31:00,,,,,
115,10.09.2026 20:31:00,,,,,
116,10.09.2026 20:31:00,,,,,
117,10.09.2026 20:31:00,,,,,
118,10.09.2026 20:31:00,,,,,
119,10.09.2026 20:31:00,,,,,
120,10.09.2026 20:31:00,,,,,
121,10.09.2026 20:31:00,,,,,
122,10.09.2026 20:31:00,,,,,
123,10.09.2026 20:31:00,,,,,
124,10.09.2026 20:31:00,,,,,
125,10.09.2026 20:31:00,,,,,
126,10.09.2026 20:31:00,,,,,
127,10.09.2026 20:31:00,,,,,
128,10.09.2026 20:31:00,,,,,
129,10.09.2026 20:31:00,,,,,
130,10.09.2026 20:31:00,,,,,
131,10.09.2026 20:31:00,,,,,
132,10.09.2026 20:31:00,,,,,
133,10.09.2026 20:31:00,,,,,
134,10.09.2026 20:31:00,,,,,
135,10.09.2026 20:31:00,,,,,
136,10.09.2026 20:31:00,,,,,
137,10.09.2026 20:31:00,,,,,
138,10.09.2026 20:31:00,,,,,
139,10.09.2026 20:31:00,,,,,
140,10.09.2026 20:31:00,,,,,
141,10.09.2026 20:31:00,,,,,
142,10.09.2026 20:31:00,,,,,
143,10.09.2026 20:31:00,,,,,
144,10.09.2026 20:31:00,,,,,
145,10.09.2026 20:31:00,,,,,
146,10.09.2026 20:31:00,,,,,
147,10.09.2026 20:31:00,,,,,
148,10.09.2026 20:31:00,,,,,
149,10.09.2026 20:31:00,,,,,
150,10.09.2026 20:31:00,,,,,
151,10.09.2026 20:31:00,,,,,
152,10.09.2026 20:31:00,,,,,
153,10.09.2026 20:31:00,,,,,
154,10.09.2026 20:31:00,,,,,
155,10.09.2026 20:31:00,,,,,
156,10.09.2026 20:31:00,,,,,
157,10.09.2026 20:31:00,,,,,
158,10.09.2026 20:31:00,,,,,
159,10.09.2026 20:31:00,,,,,
160,10.09.2026 20:31:00,,,,,
161,10.09.2026 20:31:00,,,,,
162,10.09.2026 20:31:00,,,,,
163,10.09.2026 20:31:00,,,,,
164,10.09.2026 20:31:00,,,,,
165,10.09.2026 20:31:00,,,,,
166,10.09.2026 20:31:00,,,,,
167,10.09.2026 20:31:00,,,,,
168,10.09.2026 20:31:00,,,,,
169,10.09.2026 20:31:00,,,,,
170,10.09.2026 20:31:00,,,,,
171,10.09.2026 20:31:00,,,,,
172,10.09.2026 20:31:00,,,,,
173,10.09.2026 20:31:00,,,,,
174,10.09.2026 20:31:00,,,,,
175,10.09.2026 20:31:00,,,,,
176,10.09.2026 20:31:00,,,,,
177,10.09.2026 20:31:00,,,,,
178,10.09.2026 20:31:00,,,,,
179,10.09.2026 20:31:00,,,,,
180,10.09.2026 20:31:00,,,,,
181,10.09.2026 20:31:00,,,,,
182,10.09.2026 20:31:00,,,,,
183,10.09.2026 20:31:00,,,,,
184,10.09.2026 20:31:00,,,,,
185,10.09.2026 20:31:00,,,,,
186,10.09.2026 20:31:00,,,,,
187,10.09.2026 20:31:00,,,,,
188,10.09.2026 20:31:00,,,,,
189,10.09.2026 20:31:00,,,,,
190,10.09.2026 20:31:00,,,,,
191,10.09.2026 20:31:00,,,,,
192,10.09.2026 20:31:00,,,,,
193,10.09.2026 20:31:00,,,,,
194,10.09.2026 20:31:00,,,,,
195,10.09.2026 20:31:00,,,,,
196,10.09.2026 20:31:00,,,,,
197,10.09.2026 20:31:00,,,,,
198,10.09.2026 20:31:00,,,,,
199,10.09.2026 20:31:00,,,,,
200,10.09.2026 20:31:00,,,,,
